Batch,Problem,FilePath,SolutionFound,SolutionCount,ComputationTime_ms,Restarts,TotalSteps,AvgStepsToSolution,EstimatedEnergy_microjoules,EstimatedPower_mW,EnergyPerSolution_microjoules,RunTimestamp
t_batch_0,C3_formula_0.cnf,./problems/t_batch_0/C3_formula_0.cnf,True,1,0.002,1,14,14.0,30.0014,15000.7,30.0014,2025-03-09T13:24:57.437763
t_batch_0,C3_formula_1.cnf,./problems/t_batch_0/C3_formula_1.cnf,True,1,0.016,1,319,319.0,240.2552,15015.95,240.2552,2025-03-09T13:24:57.441595
t_batch_0,C3_formula_10.cnf,./problems/t_batch_0/C3_formula_10.cnf,True,1,0.005,1,55,55.0,75.01375,15002.75,75.01375,2025-03-09T13:24:57.446147
t_batch_0,C3_formula_11.cnf,./problems/t_batch_0/C3_formula_11.cnf,True,1,0.004,1,27,27.0,60.0054,15001.35,60.0054,2025-03-09T13:24:57.451538
t_batch_0,C3_formula_12.cnf,./problems/t_batch_0/C3_formula_12.cnf,True,1,0.006,1,51,51.0,90.0153,15002.55,90.0153,2025-03-09T13:24:57.455400
t_batch_0,C3_formula_13.cnf,./problems/t_batch_0/C3_formula_13.cnf,True,1,0.003,1,15,15.0,45.002250000000004,15000.75,45.002250000000004,2025-03-09T13:24:57.458616
t_batch_0,C3_formula_14.cnf,./problems/t_batch_0/C3_formula_14.cnf,True,1,0.007,1,93,93.0,105.03255,15004.65,105.03255,2025-03-09T13:24:57.463027
t_batch_0,C3_formula_15.cnf,./problems/t_batch_0/C3_formula_15.cnf,True,1,0.006,1,36,36.0,90.0108,15001.8,90.0108,2025-03-09T13:24:57.466734
t_batch_0,C3_formula_16.cnf,./problems/t_batch_0/C3_formula_16.cnf,True,1,0.004,1,22,22.0,60.0044,15001.1,60.0044,2025-03-09T13:24:57.470619
t_batch_0,C3_formula_17.cnf,./problems/t_batch_0/C3_formula_17.cnf,True,1,0.005,1,27,27.0,75.00675000000001,15001.35,75.00675000000001,2025-03-09T13:24:57.474248
t_batch_0,C3_formula_18.cnf,./problems/t_batch_0/C3_formula_18.cnf,True,1,0.006,1,56,56.0,90.01679999999999,15002.8,90.01679999999999,2025-03-09T13:24:57.478246
t_batch_0,C3_formula_19.cnf,./problems/t_batch_0/C3_formula_19.cnf,True,1,0.005,1,24,24.0,75.006,15001.2,75.006,2025-03-09T13:24:57.482783
t_batch_0,C3_formula_2.cnf,./problems/t_batch_0/C3_formula_2.cnf,True,1,0.003,1,11,11.0,45.00165,15000.55,45.00165,2025-03-09T13:24:57.486523
t_batch_0,C3_formula_20.cnf,./problems/t_batch_0/C3_formula_20.cnf,True,1,0.004,1,16,16.0,60.00319999999999,15000.8,60.00319999999999,2025-03-09T13:24:57.490584
t_batch_0,C3_formula_21.cnf,./problems/t_batch_0/C3_formula_21.cnf,True,1,0.009,1,87,87.0,135.03914999999998,15004.35,135.03914999999998,2025-03-09T13:24:57.494178
t_batch_0,C3_formula_22.cnf,./problems/t_batch_0/C3_formula_22.cnf,True,1,0.005,1,21,21.0,75.00525,15001.05,75.00525,2025-03-09T13:24:57.498667
t_batch_0,C3_formula_23.cnf,./problems/t_batch_0/C3_formula_23.cnf,True,1,0.005,1,21,21.0,75.00525,15001.05,75.00525,2025-03-09T13:24:57.502650
t_batch_0,C3_formula_24.cnf,./problems/t_batch_0/C3_formula_24.cnf,True,1,0.004,1,19,19.0,60.003800000000005,15000.95,60.003800000000005,2025-03-09T13:24:57.506711
t_batch_0,C3_formula_25.cnf,./problems/t_batch_0/C3_formula_25.cnf,True,1,0.005,1,32,32.0,75.00800000000001,15001.6,75.00800000000001,2025-03-09T13:24:57.510197
t_batch_0,C3_formula_26.cnf,./problems/t_batch_0/C3_formula_26.cnf,True,1,0.005,1,30,30.0,75.00750000000001,15001.5,75.00750000000001,2025-03-09T13:24:57.513970
t_batch_0,C3_formula_27.cnf,./problems/t_batch_0/C3_formula_27.cnf,True,1,0.012,1,149,149.0,180.0894,15007.45,180.0894,2025-03-09T13:24:57.517840
t_batch_0,C3_formula_28.cnf,./problems/t_batch_0/C3_formula_28.cnf,True,1,0.005,1,40,40.0,75.01,15002.0,75.01,2025-03-09T13:24:57.521533
t_batch_0,C3_formula_29.cnf,./problems/t_batch_0/C3_formula_29.cnf,True,1,0.005,1,44,44.0,75.01100000000001,15002.2,75.01100000000001,2025-03-09T13:24:57.524639
t_batch_0,C3_formula_3.cnf,./problems/t_batch_0/C3_formula_3.cnf,True,1,0.011,1,151,151.0,165.08305,15007.55,165.08305,2025-03-09T13:24:57.527760
t_batch_0,C3_formula_30.cnf,./problems/t_batch_0/C3_formula_30.cnf,True,1,0.006,1,44,44.0,90.0132,15002.2,90.0132,2025-03-09T13:24:57.531574
t_batch_0,C3_formula_31.cnf,./problems/t_batch_0/C3_formula_31.cnf,True,1,0.003,1,13,13.0,45.00195,15000.65,45.00195,2025-03-09T13:24:57.535612
t_batch_0,C3_formula_32.cnf,./problems/t_batch_0/C3_formula_32.cnf,True,1,0.002,1,12,12.0,30.001199999999997,15000.6,30.001199999999997,2025-03-09T13:24:57.538576
t_batch_0,C3_formula_33.cnf,./problems/t_batch_0/C3_formula_33.cnf,True,1,0.006,1,45,45.0,90.0135,15002.25,90.0135,2025-03-09T13:24:57.541424
t_batch_0,C3_formula_34.cnf,./problems/t_batch_0/C3_formula_34.cnf,True,1,0.003,1,17,17.0,45.00255,15000.85,45.00255,2025-03-09T13:24:57.544708
t_batch_0,C3_formula_35.cnf,./problems/t_batch_0/C3_formula_35.cnf,True,1,0.005,1,42,42.0,75.01050000000001,15002.1,75.01050000000001,2025-03-09T13:24:57.548803
t_batch_0,C3_formula_36.cnf,./problems/t_batch_0/C3_formula_36.cnf,True,1,0.003,1,12,12.0,45.0018,15000.6,45.0018,2025-03-09T13:24:57.552255
t_batch_0,C3_formula_37.cnf,./problems/t_batch_0/C3_formula_37.cnf,True,1,0.003,1,13,13.0,45.00195,15000.65,45.00195,2025-03-09T13:24:57.556454
t_batch_0,C3_formula_38.cnf,./problems/t_batch_0/C3_formula_38.cnf,True,1,0.005,1,37,37.0,75.00925000000001,15001.85,75.00925000000001,2025-03-09T13:24:57.559985
t_batch_0,C3_formula_39.cnf,./problems/t_batch_0/C3_formula_39.cnf,True,1,0.004,1,10,10.0,60.002,15000.5,60.002,2025-03-09T13:24:57.563946
t_batch_0,C3_formula_4.cnf,./problems/t_batch_0/C3_formula_4.cnf,True,1,0.012,1,226,226.0,180.1356,15011.3,180.1356,2025-03-09T13:24:57.567745
t_batch_0,C3_formula_40.cnf,./problems/t_batch_0/C3_formula_40.cnf,True,1,0.015,1,284,284.0,225.213,15014.2,225.213,2025-03-09T13:24:57.571749
t_batch_0,C3_formula_41.cnf,./problems/t_batch_0/C3_formula_41.cnf,True,1,0.004,1,29,29.0,60.0058,15001.45,60.0058,2025-03-09T13:24:57.575152
t_batch_0,C3_formula_42.cnf,./problems/t_batch_0/C3_formula_42.cnf,True,1,0.004,1,23,23.0,60.004599999999996,15001.15,60.004599999999996,2025-03-09T13:24:57.578691
t_batch_0,C3_formula_43.cnf,./problems/t_batch_0/C3_formula_43.cnf,True,1,0.003,1,19,19.0,45.00285,15000.95,45.00285,2025-03-09T13:24:57.582292
t_batch_0,C3_formula_44.cnf,./problems/t_batch_0/C3_formula_44.cnf,True,1,0.003,1,15,15.0,45.002250000000004,15000.75,45.002250000000004,2025-03-09T13:24:57.585830
t_batch_0,C3_formula_45.cnf,./problems/t_batch_0/C3_formula_45.cnf,True,1,0.023,1,459,459.0,345.52785,15022.95,345.52785,2025-03-09T13:24:57.589335
t_batch_0,C3_formula_46.cnf,./problems/t_batch_0/C3_formula_46.cnf,True,1,0.012,1,152,152.0,180.09120000000001,15007.6,180.09120000000001,2025-03-09T13:24:57.592668
t_batch_0,C3_formula_47.cnf,./problems/t_batch_0/C3_formula_47.cnf,True,1,0.002,1,11,11.0,30.001099999999997,15000.55,30.001099999999997,2025-03-09T13:24:57.595498
t_batch_0,C3_formula_48.cnf,./problems/t_batch_0/C3_formula_48.cnf,True,1,0.015,1,252,252.0,225.18899999999996,15012.6,225.18899999999996,2025-03-09T13:24:57.599305
t_batch_0,C3_formula_49.cnf,./problems/t_batch_0/C3_formula_49.cnf,True,1,0.006,1,68,68.0,90.0204,15003.4,90.0204,2025-03-09T13:24:57.602788
t_batch_0,C3_formula_5.cnf,./problems/t_batch_0/C3_formula_5.cnf,True,1,0.007,1,74,74.0,105.02590000000001,15003.7,105.02590000000001,2025-03-09T13:24:57.605806
t_batch_0,C3_formula_50.cnf,./problems/t_batch_0/C3_formula_50.cnf,True,1,0.005,1,47,47.0,75.01175,15002.35,75.01175,2025-03-09T13:24:57.608650
t_batch_0,C3_formula_51.cnf,./problems/t_batch_0/C3_formula_51.cnf,True,1,0.003,1,24,24.0,45.003600000000006,15001.2,45.003600000000006,2025-03-09T13:24:57.611470
t_batch_0,C3_formula_52.cnf,./problems/t_batch_0/C3_formula_52.cnf,True,1,0.003,1,24,24.0,45.003600000000006,15001.2,45.003600000000006,2025-03-09T13:24:57.614640
t_batch_0,C3_formula_53.cnf,./problems/t_batch_0/C3_formula_53.cnf,True,1,0.003,1,15,15.0,45.002250000000004,15000.75,45.002250000000004,2025-03-09T13:24:57.618870
t_batch_0,C3_formula_54.cnf,./problems/t_batch_0/C3_formula_54.cnf,True,1,0.002,1,13,13.0,30.001299999999997,15000.65,30.001299999999997,2025-03-09T13:24:57.621864
t_batch_0,C3_formula_55.cnf,./problems/t_batch_0/C3_formula_55.cnf,True,1,0.009,1,93,93.0,135.04184999999995,15004.65,135.04184999999995,2025-03-09T13:24:57.624740
t_batch_0,C3_formula_56.cnf,./problems/t_batch_0/C3_formula_56.cnf,True,1,0.005,1,37,37.0,75.00925000000001,15001.85,75.00925000000001,2025-03-09T13:24:57.627808
t_batch_0,C3_formula_57.cnf,./problems/t_batch_0/C3_formula_57.cnf,True,1,0.014,1,224,224.0,210.1568,15011.2,210.1568,2025-03-09T13:24:57.630760
t_batch_0,C3_formula_58.cnf,./problems/t_batch_0/C3_formula_58.cnf,True,1,0.004,1,20,20.0,60.004,15001.0,60.004,2025-03-09T13:24:57.634548
t_batch_0,C3_formula_59.cnf,./problems/t_batch_0/C3_formula_59.cnf,True,1,0.003,1,15,15.0,45.002250000000004,15000.75,45.002250000000004,2025-03-09T13:24:57.637821
t_batch_0,C3_formula_6.cnf,./problems/t_batch_0/C3_formula_6.cnf,True,1,0.016,1,287,287.0,240.22959999999998,15014.35,240.22959999999998,2025-03-09T13:24:57.640652
t_batch_0,C3_formula_60.cnf,./problems/t_batch_0/C3_formula_60.cnf,True,1,0.006,1,55,55.0,90.0165,15002.75,90.0165,2025-03-09T13:24:57.643382
t_batch_0,C3_formula_61.cnf,./problems/t_batch_0/C3_formula_61.cnf,True,1,0.01,1,141,141.0,150.07049999999998,15007.05,150.07049999999998,2025-03-09T13:24:57.646415
t_batch_0,C3_formula_62.cnf,./problems/t_batch_0/C3_formula_62.cnf,True,1,0.018,1,279,279.0,270.25109999999995,15013.95,270.25109999999995,2025-03-09T13:24:57.649792
t_batch_0,C3_formula_63.cnf,./problems/t_batch_0/C3_formula_63.cnf,True,1,0.007,1,92,92.0,105.0322,15004.6,105.0322,2025-03-09T13:24:57.653132
t_batch_0,C3_formula_64.cnf,./problems/t_batch_0/C3_formula_64.cnf,True,1,0.003,1,44,44.0,45.0066,15002.2,45.0066,2025-03-09T13:24:57.655753
t_batch_0,C3_formula_65.cnf,./problems/t_batch_0/C3_formula_65.cnf,True,1,0.007,1,85,85.0,105.02975,15004.25,105.02975,2025-03-09T13:24:57.658783
t_batch_0,C3_formula_66.cnf,./problems/t_batch_0/C3_formula_66.cnf,True,1,0.003,1,15,15.0,45.002250000000004,15000.75,45.002250000000004,2025-03-09T13:24:57.661466
t_batch_0,C3_formula_67.cnf,./problems/t_batch_0/C3_formula_67.cnf,True,1,0.012,1,227,227.0,180.1362,15011.35,180.1362,2025-03-09T13:24:57.664479
t_batch_0,C3_formula_68.cnf,./problems/t_batch_0/C3_formula_68.cnf,True,1,0.003,1,18,18.0,45.0027,15000.9,45.0027,2025-03-09T13:24:57.668175
t_batch_0,C3_formula_69.cnf,./problems/t_batch_0/C3_formula_69.cnf,True,1,0.007,1,58,58.0,105.02029999999999,15002.9,105.02029999999999,2025-03-09T13:24:57.671237
t_batch_0,C3_formula_7.cnf,./problems/t_batch_0/C3_formula_7.cnf,True,1,0.002,1,12,12.0,30.001199999999997,15000.6,30.001199999999997,2025-03-09T13:24:57.674398
t_batch_0,C3_formula_70.cnf,./problems/t_batch_0/C3_formula_70.cnf,True,1,0.003,1,14,14.0,45.002100000000006,15000.7,45.002100000000006,2025-03-09T13:24:57.677639
t_batch_0,C3_formula_71.cnf,./problems/t_batch_0/C3_formula_71.cnf,True,1,0.011,1,137,137.0,165.07535000000001,15006.85,165.07535000000001,2025-03-09T13:24:57.681117
t_batch_0,C3_formula_72.cnf,./problems/t_batch_0/C3_formula_72.cnf,True,1,0.014,1,43,43.0,210.0301,15002.15,210.0301,2025-03-09T13:24:57.686559
t_batch_0,C3_formula_73.cnf,./problems/t_batch_0/C3_formula_73.cnf,True,1,0.021,1,360,360.0,315.37800000000004,15018.0,315.37800000000004,2025-03-09T13:24:57.691037
t_batch_0,C3_formula_74.cnf,./problems/t_batch_0/C3_formula_74.cnf,True,1,0.003,1,22,22.0,45.0033,15001.1,45.0033,2025-03-09T13:24:57.694860
t_batch_0,C3_formula_75.cnf,./problems/t_batch_0/C3_formula_75.cnf,True,1,0.045,1,178,178.0,675.4005,15008.9,675.4005,2025-03-09T13:24:57.698615
t_batch_0,C3_formula_76.cnf,./problems/t_batch_0/C3_formula_76.cnf,True,1,0.011,1,151,151.0,165.08305,15007.55,165.08305,2025-03-09T13:24:57.703006
t_batch_0,C3_formula_77.cnf,./problems/t_batch_0/C3_formula_77.cnf,True,1,0.003,1,22,22.0,45.0033,15001.1,45.0033,2025-03-09T13:24:57.706164
t_batch_0,C3_formula_78.cnf,./problems/t_batch_0/C3_formula_78.cnf,True,1,0.003,1,15,15.0,45.002250000000004,15000.75,45.002250000000004,2025-03-09T13:24:57.709192
t_batch_0,C3_formula_79.cnf,./problems/t_batch_0/C3_formula_79.cnf,True,1,0.007,1,66,66.0,105.0231,15003.3,105.0231,2025-03-09T13:24:57.716152
t_batch_0,C3_formula_8.cnf,./problems/t_batch_0/C3_formula_8.cnf,True,1,0.007,1,84,84.0,105.02940000000001,15004.2,105.02940000000001,2025-03-09T13:24:57.725745
t_batch_0,C3_formula_80.cnf,./problems/t_batch_0/C3_formula_80.cnf,True,1,0.005,1,40,40.0,75.01,15002.0,75.01,2025-03-09T13:24:57.728707
t_batch_0,C3_formula_81.cnf,./problems/t_batch_0/C3_formula_81.cnf,True,1,0.01,1,153,153.0,150.0765,15007.65,150.0765,2025-03-09T13:24:57.731972
t_batch_0,C3_formula_82.cnf,./problems/t_batch_0/C3_formula_82.cnf,True,1,0.008,1,49,49.0,120.0196,15002.45,120.0196,2025-03-09T13:24:57.735590
t_batch_0,C3_formula_83.cnf,./problems/t_batch_0/C3_formula_83.cnf,True,1,0.004,1,26,26.0,60.005199999999995,15001.3,60.005199999999995,2025-03-09T13:24:57.738614
t_batch_0,C3_formula_84.cnf,./problems/t_batch_0/C3_formula_84.cnf,True,1,0.005,1,37,37.0,75.00925000000001,15001.85,75.00925000000001,2025-03-09T13:24:57.741491
t_batch_0,C3_formula_85.cnf,./problems/t_batch_0/C3_formula_85.cnf,True,1,0.006,1,57,57.0,90.0171,15002.85,90.0171,2025-03-09T13:24:57.744434
t_batch_0,C3_formula_86.cnf,./problems/t_batch_0/C3_formula_86.cnf,True,1,0.004,1,43,43.0,60.008599999999994,15002.15,60.008599999999994,2025-03-09T13:24:57.747299
t_batch_0,C3_formula_87.cnf,./problems/t_batch_0/C3_formula_87.cnf,True,1,0.004,1,24,24.0,60.004799999999996,15001.2,60.004799999999996,2025-03-09T13:24:57.750766
t_batch_0,C3_formula_88.cnf,./problems/t_batch_0/C3_formula_88.cnf,True,1,0.009,1,105,105.0,135.04725,15005.25,135.04725,2025-03-09T13:24:57.754086
t_batch_0,C3_formula_89.cnf,./problems/t_batch_0/C3_formula_89.cnf,True,1,0.013,1,211,211.0,195.13715,15010.55,195.13715,2025-03-09T13:24:57.757056
t_batch_0,C3_formula_9.cnf,./problems/t_batch_0/C3_formula_9.cnf,True,1,0.004,1,27,27.0,60.0054,15001.35,60.0054,2025-03-09T13:24:57.760106
t_batch_0,C3_formula_90.cnf,./problems/t_batch_0/C3_formula_90.cnf,True,1,0.003,1,15,15.0,45.002250000000004,15000.75,45.002250000000004,2025-03-09T13:24:57.762800
t_batch_0,C3_formula_91.cnf,./problems/t_batch_0/C3_formula_91.cnf,True,1,0.003,1,16,16.0,45.002399999999994,15000.8,45.002399999999994,2025-03-09T13:24:57.766302
t_batch_0,C3_formula_92.cnf,./problems/t_batch_0/C3_formula_92.cnf,True,1,0.005,1,27,27.0,75.00675000000001,15001.35,75.00675000000001,2025-03-09T13:24:57.769830
t_batch_0,C3_formula_93.cnf,./problems/t_batch_0/C3_formula_93.cnf,True,1,0.01,1,116,116.0,150.058,15005.8,150.058,2025-03-09T13:24:57.772786
t_batch_0,C3_formula_94.cnf,./problems/t_batch_0/C3_formula_94.cnf,True,1,0.004,1,30,30.0,60.006,15001.5,60.006,2025-03-09T13:24:57.775350
t_batch_0,C3_formula_95.cnf,./problems/t_batch_0/C3_formula_95.cnf,True,1,0.064,1,1520,1520.0,964.8639999999999,15076.0,964.8639999999999,2025-03-09T13:24:57.778486
t_batch_0,C3_formula_96.cnf,./problems/t_batch_0/C3_formula_96.cnf,True,1,0.004,1,30,30.0,60.006,15001.5,60.006,2025-03-09T13:24:57.781406
t_batch_0,C3_formula_97.cnf,./problems/t_batch_0/C3_formula_97.cnf,True,1,0.005,1,56,56.0,75.014,15002.8,75.014,2025-03-09T13:24:57.785905
t_batch_0,C3_formula_98.cnf,./problems/t_batch_0/C3_formula_98.cnf,True,1,0.004,1,31,31.0,60.00619999999999,15001.55,60.00619999999999,2025-03-09T13:24:57.789501
t_batch_0,C3_formula_99.cnf,./problems/t_batch_0/C3_formula_99.cnf,True,1,0.003,1,23,23.0,45.00345,15001.15,45.00345,2025-03-09T13:24:57.792466
t_batch_1,C3_formula_0.cnf,./problems/t_batch_1/C3_formula_0.cnf,True,1,0.476,1,4325,4325.0,7242.9349999999995,15216.25,7242.9349999999995,2025-03-09T13:24:57.796765
t_batch_1,C3_formula_1.cnf,./problems/t_batch_1/C3_formula_1.cnf,True,1,0.021,1,115,115.0,315.12075000000004,15005.75,315.12075000000004,2025-03-09T13:24:57.801439
t_batch_1,C3_formula_10.cnf,./problems/t_batch_1/C3_formula_10.cnf,True,1,0.105,1,878,878.0,1579.6094999999998,15043.9,1579.6094999999998,2025-03-09T13:24:57.805946
t_batch_1,C3_formula_11.cnf,./problems/t_batch_1/C3_formula_11.cnf,True,1,0.134,1,1123,1123.0,2017.5241,15056.15,2017.5241,2025-03-09T13:24:57.809804
t_batch_1,C3_formula_12.cnf,./problems/t_batch_1/C3_formula_12.cnf,True,1,0.08,1,600,600.0,1202.4,15030.0,1202.4,2025-03-09T13:24:57.813559
t_batch_1,C3_formula_13.cnf,./problems/t_batch_1/C3_formula_13.cnf,True,1,0.247,1,2221,2221.0,3732.4293499999994,15111.05,3732.4293499999994,2025-03-09T13:24:57.818382
t_batch_1,C3_formula_14.cnf,./problems/t_batch_1/C3_formula_14.cnf,True,1,0.694,1,6027,6027.0,10619.1369,15301.35,10619.1369,2025-03-09T13:24:57.823166
t_batch_1,C3_formula_15.cnf,./problems/t_batch_1/C3_formula_15.cnf,True,1,0.033,1,221,221.0,495.36465000000004,15011.05,495.36465000000004,2025-03-09T13:24:57.827548
t_batch_1,C3_formula_16.cnf,./problems/t_batch_1/C3_formula_16.cnf,True,1,0.111,1,842,842.0,1669.6731,15042.1,1669.6731,2025-03-09T13:24:57.831587
t_batch_1,C3_formula_17.cnf,./problems/t_batch_1/C3_formula_17.cnf,True,1,0.088,1,706,706.0,1323.1064,15035.3,1323.1064,2025-03-09T13:24:57.836225
t_batch_1,C3_formula_18.cnf,./problems/t_batch_1/C3_formula_18.cnf,True,1,0.039,1,304,304.0,585.5928,15015.2,585.5928,2025-03-09T13:24:57.841124
t_batch_1,C3_formula_19.cnf,./problems/t_batch_1/C3_formula_19.cnf,True,1,0.01,1,43,43.0,150.0215,15002.15,150.0215,2025-03-09T13:24:57.845057
t_batch_1,C3_formula_2.cnf,./problems/t_batch_1/C3_formula_2.cnf,True,1,0.554,1,4504,4504.0,8434.760800000002,15225.2,8434.760800000002,2025-03-09T13:24:57.849519
t_batch_1,C3_formula_20.cnf,./problems/t_batch_1/C3_formula_20.cnf,True,1,0.116,1,914,914.0,1745.3012,15045.7,1745.3012,2025-03-09T13:24:57.853830
t_batch_1,C3_formula_21.cnf,./problems/t_batch_1/C3_formula_21.cnf,True,1,0.032,1,209,209.0,480.3344,15010.45,480.3344,2025-03-09T13:24:57.857873
t_batch_1,C3_formula_22.cnf,./problems/t_batch_1/C3_formula_22.cnf,True,1,0.054,1,482,482.0,811.3014,15024.1,811.3014,2025-03-09T13:24:57.861513
t_batch_1,C3_formula_23.cnf,./problems/t_batch_1/C3_formula_23.cnf,True,1,0.111,1,705,705.0,1668.91275,15035.25,1668.91275,2025-03-09T13:24:57.865533
t_batch_1,C3_formula_24.cnf,./problems/t_batch_1/C3_formula_24.cnf,True,1,0.288,1,2551,2551.0,4356.7343999999985,15127.55,4356.7343999999985,2025-03-09T13:24:57.869768
t_batch_1,C3_formula_25.cnf,./problems/t_batch_1/C3_formula_25.cnf,True,1,0.157,1,1415,1415.0,2366.1077499999997,15070.75,2366.1077499999997,2025-03-09T13:24:57.873873
t_batch_1,C3_formula_26.cnf,./problems/t_batch_1/C3_formula_26.cnf,True,1,0.048,1,393,393.0,720.9432,15019.65,720.9432,2025-03-09T13:24:57.877592
t_batch_1,C3_formula_27.cnf,./problems/t_batch_1/C3_formula_27.cnf,True,1,0.18,1,680,680.0,2706.12,15034.0,2706.12,2025-03-09T13:24:57.881705
t_batch_1,C3_formula_28.cnf,./problems/t_batch_1/C3_formula_28.cnf,True,1,0.211,1,1992,1992.0,3186.0156,15099.6,3186.0156,2025-03-09T13:24:57.885899
t_batch_1,C3_formula_29.cnf,./problems/t_batch_1/C3_formula_29.cnf,True,1,0.081,1,608,608.0,1217.4624000000001,15030.4,1217.4624000000001,2025-03-09T13:24:57.889829
t_batch_1,C3_formula_3.cnf,./problems/t_batch_1/C3_formula_3.cnf,True,1,0.06,1,522,522.0,901.566,15026.1,901.566,2025-03-09T13:24:57.893653
t_batch_1,C3_formula_30.cnf,./problems/t_batch_1/C3_formula_30.cnf,True,1,0.029,1,192,192.0,435.27840000000003,15009.6,435.27840000000003,2025-03-09T13:24:57.897391
t_batch_1,C3_formula_31.cnf,./problems/t_batch_1/C3_formula_31.cnf,True,1,0.016,1,75,75.0,240.06,15003.75,240.06,2025-03-09T13:24:57.901866
t_batch_1,C3_formula_32.cnf,./problems/t_batch_1/C3_formula_32.cnf,True,1,0.016,1,92,92.0,240.0736,15004.6,240.0736,2025-03-09T13:24:57.905952
t_batch_1,C3_formula_33.cnf,./problems/t_batch_1/C3_formula_33.cnf,True,1,0.107,1,935,935.0,1610.00225,15046.75,1610.00225,2025-03-09T13:24:57.909718
t_batch_1,C3_formula_34.cnf,./problems/t_batch_1/C3_formula_34.cnf,True,1,0.079,1,607,607.0,1187.3976499999999,15030.35,1187.3976499999999,2025-03-09T13:24:57.913321
t_batch_1,C3_formula_35.cnf,./problems/t_batch_1/C3_formula_35.cnf,True,1,0.01,1,39,39.0,150.01950000000002,15001.95,150.01950000000002,2025-03-09T13:24:57.917291
t_batch_1,C3_formula_36.cnf,./problems/t_batch_1/C3_formula_36.cnf,True,1,0.085,1,718,718.0,1278.0515,15035.9,1278.0515,2025-03-09T13:24:57.921592
t_batch_1,C3_formula_37.cnf,./problems/t_batch_1/C3_formula_37.cnf,True,1,0.319,1,2638,2638.0,4827.0761,15131.9,4827.0761,2025-03-09T13:24:57.925447
t_batch_1,C3_formula_38.cnf,./problems/t_batch_1/C3_formula_38.cnf,True,1,0.178,1,1754,1754.0,2685.6106,15087.7,2685.6106,2025-03-09T13:24:57.929358
t_batch_1,C3_formula_39.cnf,./problems/t_batch_1/C3_formula_39.cnf,True,1,0.02,1,109,109.0,300.10900000000004,15005.45,300.10900000000004,2025-03-09T13:24:57.933451
t_batch_1,C3_formula_4.cnf,./problems/t_batch_1/C3_formula_4.cnf,True,1,0.087,1,698,698.0,1308.0363,15034.9,1308.0363,2025-03-09T13:24:57.937625
t_batch_1,C3_formula_40.cnf,./problems/t_batch_1/C3_formula_40.cnf,True,1,0.031,1,226,226.0,465.3503,15011.3,465.3503,2025-03-09T13:24:57.941319
t_batch_1,C3_formula_41.cnf,./problems/t_batch_1/C3_formula_41.cnf,True,1,0.226,1,2110,2110.0,3413.8430000000003,15105.5,3413.8430000000003,2025-03-09T13:24:57.945240
t_batch_1,C3_formula_42.cnf,./problems/t_batch_1/C3_formula_42.cnf,True,1,0.365,1,3418,3418.0,5537.3785,15170.9,5537.3785,2025-03-09T13:24:57.949365
t_batch_1,C3_formula_43.cnf,./problems/t_batch_1/C3_formula_43.cnf,True,1,0.058,1,439,439.0,871.2731,15021.95,871.2731,2025-03-09T13:24:57.953874
t_batch_1,C3_formula_44.cnf,./problems/t_batch_1/C3_formula_44.cnf,True,1,0.076,1,638,638.0,1142.4244,15031.9,1142.4244,2025-03-09T13:24:57.957841
t_batch_1,C3_formula_45.cnf,./problems/t_batch_1/C3_formula_45.cnf,True,1,0.213,1,1991,1991.0,3216.20415,15099.55,3216.20415,2025-03-09T13:24:57.961724
t_batch_1,C3_formula_46.cnf,./problems/t_batch_1/C3_formula_46.cnf,True,1,0.044,1,291,291.0,660.6401999999999,15014.55,660.6401999999999,2025-03-09T13:24:57.965712
t_batch_1,C3_formula_47.cnf,./problems/t_batch_1/C3_formula_47.cnf,True,1,0.778,1,6814,6814.0,11935.0646,15340.7,11935.0646,2025-03-09T13:24:57.970523
t_batch_1,C3_formula_48.cnf,./problems/t_batch_1/C3_formula_48.cnf,True,1,0.046,1,305,305.0,690.7015,15015.25,690.7015,2025-03-09T13:24:57.974337
t_batch_1,C3_formula_49.cnf,./problems/t_batch_1/C3_formula_49.cnf,True,1,0.011,1,50,50.0,165.0275,15002.5,165.0275,2025-03-09T13:24:57.978189
t_batch_1,C3_formula_5.cnf,./problems/t_batch_1/C3_formula_5.cnf,True,1,0.159,1,939,939.0,2392.4650500000002,15046.95,2392.4650500000002,2025-03-09T13:24:57.982389
t_batch_1,C3_formula_50.cnf,./problems/t_batch_1/C3_formula_50.cnf,True,1,0.019,1,114,114.0,285.10830000000004,15005.7,285.10830000000004,2025-03-09T13:24:57.986640
t_batch_1,C3_formula_51.cnf,./problems/t_batch_1/C3_formula_51.cnf,True,1,0.03,1,181,181.0,450.27149999999995,15009.05,450.27149999999995,2025-03-09T13:24:57.990393
t_batch_1,C3_formula_52.cnf,./problems/t_batch_1/C3_formula_52.cnf,True,1,0.067,1,649,649.0,1007.1741499999999,15032.45,1007.1741499999999,2025-03-09T13:24:57.994088
t_batch_1,C3_formula_53.cnf,./problems/t_batch_1/C3_formula_53.cnf,True,1,0.108,1,808,808.0,1624.3632,15040.4,1624.3632,2025-03-09T13:24:57.998367
t_batch_1,C3_formula_54.cnf,./problems/t_batch_1/C3_formula_54.cnf,True,1,0.019,1,117,117.0,285.11115,15005.85,285.11115,2025-03-09T13:24:58.002259
t_batch_1,C3_formula_55.cnf,./problems/t_batch_1/C3_formula_55.cnf,True,1,0.092,1,826,826.0,1383.7995999999998,15041.3,1383.7995999999998,2025-03-09T13:24:58.006391
t_batch_1,C3_formula_56.cnf,./problems/t_batch_1/C3_formula_56.cnf,True,1,0.087,1,823,823.0,1308.58005,15041.15,1308.58005,2025-03-09T13:24:58.010371
t_batch_1,C3_formula_57.cnf,./problems/t_batch_1/C3_formula_57.cnf,True,1,0.06,1,442,442.0,901.3259999999999,15022.1,901.3259999999999,2025-03-09T13:24:58.014346
t_batch_1,C3_formula_58.cnf,./problems/t_batch_1/C3_formula_58.cnf,True,1,0.017,1,88,88.0,255.07479999999998,15004.4,255.07479999999998,2025-03-09T13:24:58.018460
t_batch_1,C3_formula_59.cnf,./problems/t_batch_1/C3_formula_59.cnf,True,1,0.196,1,1647,1647.0,2956.1406,15082.35,2956.1406,2025-03-09T13:24:58.022607
t_batch_1,C3_formula_6.cnf,./problems/t_batch_1/C3_formula_6.cnf,True,1,1.23,1,13349,13349.0,19270.9635,15667.45,19270.9635,2025-03-09T13:24:58.027284
t_batch_1,C3_formula_60.cnf,./problems/t_batch_1/C3_formula_60.cnf,True,1,0.127,1,1269,1269.0,1913.05815,15063.45,1913.05815,2025-03-09T13:24:58.031574
t_batch_1,C3_formula_61.cnf,./problems/t_batch_1/C3_formula_61.cnf,True,1,0.189,1,1736,1736.0,2851.4051999999997,15086.8,2851.4051999999997,2025-03-09T13:24:58.036302
t_batch_1,C3_formula_62.cnf,./problems/t_batch_1/C3_formula_62.cnf,True,1,0.259,1,2514,2514.0,3917.5563,15125.7,3917.5563,2025-03-09T13:24:58.040401
t_batch_1,C3_formula_63.cnf,./problems/t_batch_1/C3_formula_63.cnf,True,1,0.034,1,237,237.0,510.4029,15011.85,510.4029,2025-03-09T13:24:58.044054
t_batch_1,C3_formula_64.cnf,./problems/t_batch_1/C3_formula_64.cnf,True,1,0.013,1,63,63.0,195.04094999999998,15003.15,195.04094999999998,2025-03-09T13:24:58.047589
t_batch_1,C3_formula_65.cnf,./problems/t_batch_1/C3_formula_65.cnf,True,1,0.011,1,50,50.0,165.0275,15002.5,165.0275,2025-03-09T13:24:58.052508
t_batch_1,C3_formula_66.cnf,./problems/t_batch_1/C3_formula_66.cnf,True,1,0.61,1,6434,6434.0,9346.237000000001,15321.7,9346.237000000001,2025-03-09T13:24:58.056800
t_batch_1,C3_formula_67.cnf,./problems/t_batch_1/C3_formula_67.cnf,True,1,0.329,1,3209,3209.0,4987.788050000001,15160.45,4987.788050000001,2025-03-09T13:24:58.060784
t_batch_1,C3_formula_68.cnf,./problems/t_batch_1/C3_formula_68.cnf,True,1,0.311,1,1860,1860.0,4693.923000000001,15093.0,4693.923000000001,2025-03-09T13:24:58.064943
t_batch_1,C3_formula_69.cnf,./problems/t_batch_1/C3_formula_69.cnf,True,1,0.047,1,343,343.0,705.8060499999999,15017.15,705.8060499999999,2025-03-09T13:24:58.069805
t_batch_1,C3_formula_7.cnf,./problems/t_batch_1/C3_formula_7.cnf,True,1,0.057,1,381,381.0,856.08585,15019.05,856.08585,2025-03-09T13:24:58.073462
t_batch_1,C3_formula_70.cnf,./problems/t_batch_1/C3_formula_70.cnf,True,1,0.056,1,441,441.0,841.2348,15022.05,841.2348,2025-03-09T13:24:58.077350
t_batch_1,C3_formula_71.cnf,./problems/t_batch_1/C3_formula_71.cnf,True,1,0.065,1,495,495.0,976.6087500000001,15024.75,976.6087500000001,2025-03-09T13:24:58.081006
t_batch_1,C3_formula_72.cnf,./problems/t_batch_1/C3_formula_72.cnf,True,1,0.046,1,339,339.0,690.7797,15016.95,690.7797,2025-03-09T13:24:58.085758
t_batch_1,C3_formula_73.cnf,./problems/t_batch_1/C3_formula_73.cnf,True,1,0.061,1,435,435.0,916.32675,15021.75,916.32675,2025-03-09T13:24:58.089558
t_batch_1,C3_formula_74.cnf,./problems/t_batch_1/C3_formula_74.cnf,True,1,0.196,1,1574,1574.0,2955.4252000000006,15078.7,2955.4252000000006,2025-03-09T13:24:58.093483
t_batch_1,C3_formula_75.cnf,./problems/t_batch_1/C3_formula_75.cnf,True,1,0.006,1,13,13.0,90.0039,15000.65,90.0039,2025-03-09T13:24:58.097135
t_batch_1,C3_formula_76.cnf,./problems/t_batch_1/C3_formula_76.cnf,True,1,0.095,1,804,804.0,1428.819,15040.2,1428.819,2025-03-09T13:24:58.101586
t_batch_1,C3_formula_77.cnf,./problems/t_batch_1/C3_formula_77.cnf,True,1,0.045,1,311,311.0,675.6997499999999,15015.55,675.6997499999999,2025-03-09T13:24:58.105342
t_batch_1,C3_formula_78.cnf,./problems/t_batch_1/C3_formula_78.cnf,True,1,0.199,1,1722,1722.0,3002.1339000000003,15086.1,3002.1339000000003,2025-03-09T13:24:58.109011
t_batch_1,C3_formula_79.cnf,./problems/t_batch_1/C3_formula_79.cnf,True,1,0.073,1,652,652.0,1097.3798,15032.6,1097.3798,2025-03-09T13:24:58.112479
t_batch_1,C3_formula_8.cnf,./problems/t_batch_1/C3_formula_8.cnf,True,1,0.037,1,265,265.0,555.49025,15013.25,555.49025,2025-03-09T13:24:58.116895
t_batch_1,C3_formula_80.cnf,./problems/t_batch_1/C3_formula_80.cnf,True,1,0.39,1,3640,3640.0,5920.9800000000005,15182.0,5920.9800000000005,2025-03-09T13:24:58.121092
t_batch_1,C3_formula_81.cnf,./problems/t_batch_1/C3_formula_81.cnf,True,1,0.136,1,1237,1237.0,2048.4116,15061.85,2048.4116,2025-03-09T13:24:58.124995
t_batch_1,C3_formula_82.cnf,./problems/t_batch_1/C3_formula_82.cnf,True,1,0.019,1,116,116.0,285.11019999999996,15005.8,285.11019999999996,2025-03-09T13:24:58.128571
t_batch_1,C3_formula_83.cnf,./problems/t_batch_1/C3_formula_83.cnf,True,1,0.171,1,1260,1260.0,2575.773,15063.0,2575.773,2025-03-09T13:24:58.132591
t_batch_1,C3_formula_84.cnf,./problems/t_batch_1/C3_formula_84.cnf,True,1,0.119,1,1139,1139.0,1791.77705,15056.95,1791.77705,2025-03-09T13:24:58.136700
t_batch_1,C3_formula_85.cnf,./problems/t_batch_1/C3_formula_85.cnf,True,1,0.041,1,281,281.0,615.5760499999999,15014.05,615.5760499999999,2025-03-09T13:24:58.140342
t_batch_1,C3_formula_86.cnf,./problems/t_batch_1/C3_formula_86.cnf,True,1,0.442,1,4527,4527.0,6730.0467,15226.35,6730.0467,2025-03-09T13:24:58.144413
t_batch_1,C3_formula_87.cnf,./problems/t_batch_1/C3_formula_87.cnf,True,1,0.036,1,267,267.0,540.4806,15013.35,540.4806,2025-03-09T13:24:58.148176
t_batch_1,C3_formula_88.cnf,./problems/t_batch_1/C3_formula_88.cnf,True,1,0.09,1,729,729.0,1353.2804999999998,15036.45,1353.2804999999998,2025-03-09T13:24:58.152867
t_batch_1,C3_formula_89.cnf,./problems/t_batch_1/C3_formula_89.cnf,True,1,0.075,1,527,527.0,1126.97625,15026.35,1126.97625,2025-03-09T13:24:58.156455
t_batch_1,C3_formula_9.cnf,./problems/t_batch_1/C3_formula_9.cnf,True,1,0.028,1,172,172.0,420.24080000000004,15008.6,420.24080000000004,2025-03-09T13:24:58.160153
t_batch_1,C3_formula_90.cnf,./problems/t_batch_1/C3_formula_90.cnf,True,1,0.093,1,845,845.0,1398.92925,15042.25,1398.92925,2025-03-09T13:24:58.163870
t_batch_1,C3_formula_91.cnf,./problems/t_batch_1/C3_formula_91.cnf,True,1,0.2,1,1787,1787.0,3017.8700000000003,15089.35,3017.8700000000003,2025-03-09T13:24:58.168589
t_batch_1,C3_formula_92.cnf,./problems/t_batch_1/C3_formula_92.cnf,True,1,0.024,1,142,142.0,360.17040000000003,15007.1,360.17040000000003,2025-03-09T13:24:58.172565
t_batch_1,C3_formula_93.cnf,./problems/t_batch_1/C3_formula_93.cnf,True,1,0.081,1,685,685.0,1217.77425,15034.25,1217.77425,2025-03-09T13:24:58.176460
t_batch_1,C3_formula_94.cnf,./problems/t_batch_1/C3_formula_94.cnf,True,1,0.021,1,121,121.0,315.12705,15006.05,315.12705,2025-03-09T13:24:58.179975
t_batch_1,C3_formula_95.cnf,./problems/t_batch_1/C3_formula_95.cnf,True,1,0.125,1,1202,1202.0,1882.5125,15060.1,1882.5125,2025-03-09T13:24:58.184410
t_batch_1,C3_formula_96.cnf,./problems/t_batch_1/C3_formula_96.cnf,True,1,0.083,1,651,651.0,1247.70165,15032.55,1247.70165,2025-03-09T13:24:58.188486
t_batch_1,C3_formula_97.cnf,./problems/t_batch_1/C3_formula_97.cnf,True,1,0.077,1,483,483.0,1156.8595500000001,15024.15,1156.8595500000001,2025-03-09T13:24:58.192113
t_batch_1,C3_formula_98.cnf,./problems/t_batch_1/C3_formula_98.cnf,True,1,0.035,1,277,277.0,525.4847500000001,15013.85,525.4847500000001,2025-03-09T13:24:58.195721
t_batch_1,C3_formula_99.cnf,./problems/t_batch_1/C3_formula_99.cnf,True,1,0.032,1,219,219.0,480.35040000000004,15010.95,480.35040000000004,2025-03-09T13:24:58.200138
t_batch_2,000.cnf,./problems/t_batch_2/000.cnf,True,1,0.033,1,201,201.0,495.33165,15010.05,495.33165,2025-03-09T13:24:58.204307
t_batch_2,001.cnf,./problems/t_batch_2/001.cnf,True,1,0.031,1,224,224.0,465.34720000000004,15011.2,465.34720000000004,2025-03-09T13:24:58.208367
t_batch_2,002.cnf,./problems/t_batch_2/002.cnf,True,1,0.034,1,265,265.0,510.45050000000003,15013.25,510.45050000000003,2025-03-09T13:24:58.212086
t_batch_2,003.cnf,./problems/t_batch_2/003.cnf,True,1,0.012,1,47,47.0,180.0282,15002.35,180.0282,2025-03-09T13:24:58.216204
t_batch_2,004.cnf,./problems/t_batch_2/004.cnf,True,1,0.029,1,166,166.0,435.2407,15008.3,435.2407,2025-03-09T13:24:58.220622
t_batch_2,005.cnf,./problems/t_batch_2/005.cnf,True,1,0.01,1,39,39.0,150.01950000000002,15001.95,150.01950000000002,2025-03-09T13:24:58.224732
t_batch_2,006.cnf,./problems/t_batch_2/006.cnf,True,1,0.021,1,126,126.0,315.13230000000004,15006.3,315.13230000000004,2025-03-09T13:24:58.228732
t_batch_2,007.cnf,./problems/t_batch_2/007.cnf,True,1,0.01,1,29,29.0,150.01450000000003,15001.45,150.01450000000003,2025-03-09T13:24:58.232841
t_batch_2,008.cnf,./problems/t_batch_2/008.cnf,True,1,0.017,1,105,105.0,255.08925,15005.25,255.08925,2025-03-09T13:24:58.237271
t_batch_2,009.cnf,./problems/t_batch_2/009.cnf,True,1,0.024,1,142,142.0,360.17040000000003,15007.1,360.17040000000003,2025-03-09T13:24:58.240943
t_batch_2,010.cnf,./problems/t_batch_2/010.cnf,True,1,0.01,1,38,38.0,150.019,15001.9,150.019,2025-03-09T13:24:58.244897
t_batch_2,011.cnf,./problems/t_batch_2/011.cnf,True,1,0.03,1,180,180.0,450.2699999999999,15009.0,450.2699999999999,2025-03-09T13:24:58.248821
t_batch_2,012.cnf,./problems/t_batch_2/012.cnf,True,1,0.043,1,371,371.0,645.7976499999999,15018.55,645.7976499999999,2025-03-09T13:24:58.253392
t_batch_2,013.cnf,./problems/t_batch_2/013.cnf,True,1,0.098,1,746,746.0,1473.6554,15037.3,1473.6554,2025-03-09T13:24:58.257339
t_batch_2,014.cnf,./problems/t_batch_2/014.cnf,True,1,0.009,1,31,31.0,135.01394999999997,15001.55,135.01394999999997,2025-03-09T13:24:58.261240
t_batch_2,015.cnf,./problems/t_batch_2/015.cnf,True,1,0.023,1,99,99.0,345.11385,15004.95,345.11385,2025-03-09T13:24:58.265037
t_batch_2,016.cnf,./problems/t_batch_2/016.cnf,True,1,0.018,1,100,100.0,270.0899999999999,15005.0,270.0899999999999,2025-03-09T13:24:58.269758
t_batch_2,017.cnf,./problems/t_batch_2/017.cnf,True,1,0.018,1,100,100.0,270.0899999999999,15005.0,270.0899999999999,2025-03-09T13:24:58.273753
t_batch_2,018.cnf,./problems/t_batch_2/018.cnf,True,1,0.01,1,34,34.0,150.01700000000002,15001.7,150.01700000000002,2025-03-09T13:24:58.277478
t_batch_2,019.cnf,./problems/t_batch_2/019.cnf,True,1,0.019,1,93,93.0,285.08835,15004.65,285.08835,2025-03-09T13:24:58.281612
t_batch_2,020.cnf,./problems/t_batch_2/020.cnf,True,1,0.02,1,116,116.0,300.116,15005.8,300.116,2025-03-09T13:24:58.285538
t_batch_2,021.cnf,./problems/t_batch_2/021.cnf,True,1,0.019,1,109,109.0,285.10355000000004,15005.45,285.10355000000004,2025-03-09T13:24:58.289360
t_batch_2,022.cnf,./problems/t_batch_2/022.cnf,True,1,0.043,1,331,331.0,645.7116499999998,15016.55,645.7116499999998,2025-03-09T13:24:58.293040
t_batch_2,023.cnf,./problems/t_batch_2/023.cnf,True,1,0.015,1,78,78.0,225.05849999999998,15003.9,225.05849999999998,2025-03-09T13:24:58.296760
t_batch_2,024.cnf,./problems/t_batch_2/024.cnf,True,1,0.028,1,203,203.0,420.2842,15010.15,420.2842,2025-03-09T13:24:58.300764
t_batch_2,025.cnf,./problems/t_batch_2/025.cnf,True,1,0.023,1,149,149.0,345.17135,15007.45,345.17135,2025-03-09T13:24:58.305199
t_batch_2,026.cnf,./problems/t_batch_2/026.cnf,True,1,0.017,1,82,82.0,255.0697,15004.1,255.0697,2025-03-09T13:24:58.308851
t_batch_2,027.cnf,./problems/t_batch_2/027.cnf,True,1,0.012,1,59,59.0,180.0354,15002.95,180.0354,2025-03-09T13:24:58.312648
t_batch_2,028.cnf,./problems/t_batch_2/028.cnf,True,1,0.049,1,385,385.0,735.94325,15019.25,735.94325,2025-03-09T13:24:58.316781
t_batch_2,029.cnf,./problems/t_batch_2/029.cnf,True,1,0.105,1,887,887.0,1579.6567499999999,15044.35,1579.6567499999999,2025-03-09T13:24:58.321506
t_batch_2,030.cnf,./problems/t_batch_2/030.cnf,True,1,0.014,1,61,61.0,210.0427,15003.05,210.0427,2025-03-09T13:24:58.325156
t_batch_2,031.cnf,./problems/t_batch_2/031.cnf,True,1,0.026,1,78,78.0,390.1014,15003.9,390.1014,2025-03-09T13:24:58.350068
t_batch_2,032.cnf,./problems/t_batch_2/032.cnf,True,1,0.054,1,410,410.0,811.107,15020.5,811.107,2025-03-09T13:24:58.360605
t_batch_2,033.cnf,./problems/t_batch_2/033.cnf,True,1,0.023,1,144,144.0,345.16560000000004,15007.2,345.16560000000004,2025-03-09T13:24:58.364747
t_batch_2,034.cnf,./problems/t_batch_2/034.cnf,True,1,0.017,1,89,89.0,255.07565,15004.45,255.07565,2025-03-09T13:24:58.370105
t_batch_2,035.cnf,./problems/t_batch_2/035.cnf,True,1,0.038,1,319,319.0,570.6061,15015.95,570.6061,2025-03-09T13:24:58.373831
t_batch_2,036.cnf,./problems/t_batch_2/036.cnf,True,1,0.015,1,68,68.0,225.05099999999996,15003.4,225.05099999999996,2025-03-09T13:24:58.377640
t_batch_2,037.cnf,./problems/t_batch_2/037.cnf,True,1,0.025,1,165,165.0,375.20625,15008.25,375.20625,2025-03-09T13:24:58.381488
t_batch_2,038.cnf,./problems/t_batch_2/038.cnf,True,1,0.009,1,29,29.0,135.01305,15001.45,135.01305,2025-03-09T13:24:58.385758
t_batch_2,039.cnf,./problems/t_batch_2/039.cnf,True,1,0.022,1,124,124.0,330.1364,15006.2,330.1364,2025-03-09T13:24:58.389384
t_batch_2,040.cnf,./problems/t_batch_2/040.cnf,True,1,0.026,1,156,156.0,390.20279999999997,15007.8,390.20279999999997,2025-03-09T13:24:58.393511
t_batch_2,041.cnf,./problems/t_batch_2/041.cnf,True,1,0.165,1,1102,1102.0,2484.0915,15055.1,2484.0915,2025-03-09T13:24:58.397527
t_batch_2,042.cnf,./problems/t_batch_2/042.cnf,True,1,0.01,1,39,39.0,150.01950000000002,15001.95,150.01950000000002,2025-03-09T13:24:58.402010
t_batch_2,043.cnf,./problems/t_batch_2/043.cnf,True,1,0.026,1,153,153.0,390.1989,15007.65,390.1989,2025-03-09T13:24:58.405742
t_batch_2,044.cnf,./problems/t_batch_2/044.cnf,True,1,0.031,1,207,207.0,465.32085,15010.35,465.32085,2025-03-09T13:24:58.409999
t_batch_2,045.cnf,./problems/t_batch_2/045.cnf,True,1,0.017,1,102,102.0,255.0867,15005.1,255.0867,2025-03-09T13:24:58.413969
t_batch_2,046.cnf,./problems/t_batch_2/046.cnf,True,1,0.023,1,137,137.0,345.15755,15006.85,345.15755,2025-03-09T13:24:58.418536
t_batch_2,047.cnf,./problems/t_batch_2/047.cnf,True,1,0.007,1,20,20.0,105.007,15001.0,105.007,2025-03-09T13:24:58.422517
t_batch_2,048.cnf,./problems/t_batch_2/048.cnf,True,1,0.091,1,701,701.0,1368.18955,15035.05,1368.18955,2025-03-09T13:24:58.426783
t_batch_2,049.cnf,./problems/t_batch_2/049.cnf,True,1,0.012,1,48,48.0,180.0288,15002.4,180.0288,2025-03-09T13:24:58.430950
t_batch_2,050.cnf,./problems/t_batch_2/050.cnf,True,1,0.044,1,324,324.0,660.7128,15016.2,660.7128,2025-03-09T13:24:58.435546
t_batch_2,051.cnf,./problems/t_batch_2/051.cnf,True,1,1.071,1,10057,10057.0,16603.552349999998,15502.85,16603.552349999998,2025-03-09T13:24:58.440548
t_batch_2,052.cnf,./problems/t_batch_2/052.cnf,True,1,0.052,1,401,401.0,781.0425999999999,15020.05,781.0425999999999,2025-03-09T13:24:58.445022
t_batch_2,053.cnf,./problems/t_batch_2/053.cnf,True,1,0.046,1,335,335.0,690.7705,15016.75,690.7705,2025-03-09T13:24:58.449231
t_batch_2,054.cnf,./problems/t_batch_2/054.cnf,True,1,0.218,1,1978,1978.0,3291.5602,15098.9,3291.5602,2025-03-09T13:24:58.453686
t_batch_2,055.cnf,./problems/t_batch_2/055.cnf,True,1,0.093,1,766,766.0,1398.5618999999997,15038.3,1398.5618999999997,2025-03-09T13:24:58.457713
t_batch_2,056.cnf,./problems/t_batch_2/056.cnf,True,1,0.23,1,1960,1960.0,3472.54,15098.0,3472.54,2025-03-09T13:24:58.461922
t_batch_2,057.cnf,./problems/t_batch_2/057.cnf,True,1,0.082,1,584,584.0,1232.3944,15029.2,1232.3944,2025-03-09T13:24:58.466127
t_batch_2,058.cnf,./problems/t_batch_2/058.cnf,True,1,0.414,1,4267,4267.0,6298.3269,15213.35,6298.3269,2025-03-09T13:24:58.470853
t_batch_2,059.cnf,./problems/t_batch_2/059.cnf,True,1,0.549,1,5552,5552.0,8387.4024,15277.6,8387.4024,2025-03-09T13:24:58.475103
t_batch_2,060.cnf,./problems/t_batch_2/060.cnf,True,1,0.175,1,1501,1501.0,2638.1337499999995,15075.05,2638.1337499999995,2025-03-09T13:24:58.479342
t_batch_2,061.cnf,./problems/t_batch_2/061.cnf,True,1,0.165,1,1513,1513.0,2487.4822499999996,15075.65,2487.4822499999996,2025-03-09T13:24:58.483731
t_batch_2,062.cnf,./problems/t_batch_2/062.cnf,True,1,0.79,1,8694,8694.0,12193.413000000002,15434.7,12193.413000000002,2025-03-09T13:24:58.488888
t_batch_2,063.cnf,./problems/t_batch_2/063.cnf,True,1,0.051,1,380,380.0,765.969,15019.0,765.969,2025-03-09T13:24:58.492745
t_batch_2,064.cnf,./problems/t_batch_2/064.cnf,True,1,0.061,1,523,523.0,916.5951499999999,15026.15,916.5951499999999,2025-03-09T13:24:58.497055
t_batch_2,065.cnf,./problems/t_batch_2/065.cnf,True,1,0.26,1,2699,2699.0,3935.0870000000004,15134.95,3935.0870000000004,2025-03-09T13:24:58.501635
t_batch_2,066.cnf,./problems/t_batch_2/066.cnf,True,1,0.024,1,144,144.0,360.1728,15007.2,360.1728,2025-03-09T13:24:58.505906
t_batch_2,067.cnf,./problems/t_batch_2/067.cnf,True,1,0.195,1,1750,1750.0,2942.0625,15087.5,2942.0625,2025-03-09T13:24:58.509880
t_batch_2,068.cnf,./problems/t_batch_2/068.cnf,True,1,0.068,1,493,493.0,1021.6761999999999,15024.65,1021.6761999999999,2025-03-09T13:24:58.513851
t_batch_2,069.cnf,./problems/t_batch_2/069.cnf,True,1,0.269,1,2516,2516.0,4068.8402000000006,15125.8,4068.8402000000006,2025-03-09T13:24:58.518477
t_batch_2,070.cnf,./problems/t_batch_2/070.cnf,True,1,0.023,1,129,129.0,345.14835,15006.45,345.14835,2025-03-09T13:24:58.522543
t_batch_2,071.cnf,./problems/t_batch_2/071.cnf,True,1,0.037,1,275,275.0,555.50875,15013.75,555.50875,2025-03-09T13:24:58.526406
t_batch_2,072.cnf,./problems/t_batch_2/072.cnf,True,1,0.247,1,1910,1910.0,3728.5885,15095.5,3728.5885,2025-03-09T13:24:58.530446
t_batch_2,073.cnf,./problems/t_batch_2/073.cnf,True,1,0.047,1,344,344.0,705.8084,15017.2,705.8084,2025-03-09T13:24:58.534839
t_batch_2,074.cnf,./problems/t_batch_2/074.cnf,True,1,0.136,1,1160,1160.0,2047.888,15058.0,2047.888,2025-03-09T13:24:58.538885
t_batch_2,075.cnf,./problems/t_batch_2/075.cnf,True,1,0.995,1,9939,9939.0,15419.46525,15496.95,15419.46525,2025-03-09T13:24:58.543680
t_batch_2,076.cnf,./problems/t_batch_2/076.cnf,True,1,0.087,1,712,712.0,1308.0972,15035.6,1308.0972,2025-03-09T13:24:58.547675
t_batch_2,077.cnf,./problems/t_batch_2/077.cnf,True,1,0.088,1,702,702.0,1323.0888,15035.1,1323.0888,2025-03-09T13:24:58.552190
t_batch_2,078.cnf,./problems/t_batch_2/078.cnf,True,1,0.276,1,2712,2712.0,4177.4256000000005,15135.6,4177.4256000000005,2025-03-09T13:24:58.556372
t_batch_2,079.cnf,./problems/t_batch_2/079.cnf,True,1,0.019,1,106,106.0,285.10069999999996,15005.3,285.10069999999996,2025-03-09T13:24:58.560341
t_batch_2,080.cnf,./problems/t_batch_2/080.cnf,True,1,0.058,1,454,454.0,871.3166,15022.7,871.3166,2025-03-09T13:24:58.564412
t_batch_2,081.cnf,./problems/t_batch_2/081.cnf,True,1,0.138,1,1162,1162.0,2078.0178000000005,15058.1,2078.0178000000005,2025-03-09T13:24:58.569016
t_batch_2,082.cnf,./problems/t_batch_2/082.cnf,True,1,0.03,1,200,200.0,450.29999999999995,15010.0,450.29999999999995,2025-03-09T13:24:58.573322
t_batch_2,083.cnf,./problems/t_batch_2/083.cnf,True,1,0.045,1,330,330.0,675.7425,15016.5,675.7425,2025-03-09T13:24:58.577004
t_batch_2,084.cnf,./problems/t_batch_2/084.cnf,True,1,0.047,1,340,340.0,705.799,15017.0,705.799,2025-03-09T13:24:58.580874
t_batch_2,085.cnf,./problems/t_batch_2/085.cnf,True,1,0.047,1,338,338.0,705.7943,15016.9,705.7943,2025-03-09T13:24:58.585168
t_batch_2,086.cnf,./problems/t_batch_2/086.cnf,True,1,0.05,1,362,362.0,750.9050000000001,15018.1,750.9050000000001,2025-03-09T13:24:58.589417
t_batch_2,087.cnf,./problems/t_batch_2/087.cnf,True,1,0.426,1,4148,4148.0,6478.3524,15207.4,6478.3524,2025-03-09T13:24:58.593397
t_batch_2,088.cnf,./problems/t_batch_2/088.cnf,True,1,0.098,1,831,831.0,1474.0719,15041.55,1474.0719,2025-03-09T13:24:58.597439
t_batch_2,089.cnf,./problems/t_batch_2/089.cnf,True,1,0.134,1,1222,1222.0,2018.1874,15061.1,2018.1874,2025-03-09T13:24:58.602024
t_batch_2,090.cnf,./problems/t_batch_2/090.cnf,True,1,0.174,1,1571,1571.0,2623.6677,15078.55,2623.6677,2025-03-09T13:24:58.606402
t_batch_2,091.cnf,./problems/t_batch_2/091.cnf,True,1,0.075,1,541,541.0,1127.0287499999997,15027.05,1127.0287499999997,2025-03-09T13:24:58.610472
t_batch_2,092.cnf,./problems/t_batch_2/092.cnf,True,1,0.215,1,1761,1761.0,3243.9307499999995,15088.05,3243.9307499999995,2025-03-09T13:24:58.614954
t_batch_2,093.cnf,./problems/t_batch_2/093.cnf,True,1,0.056,1,426,426.0,841.1927999999999,15021.3,841.1927999999999,2025-03-09T13:24:58.619940
t_batch_2,094.cnf,./problems/t_batch_2/094.cnf,True,1,0.078,1,707,707.0,1172.7573,15035.35,1172.7573,2025-03-09T13:24:58.624262
t_batch_2,095.cnf,./problems/t_batch_2/095.cnf,True,1,0.053,1,371,371.0,795.98315,15018.55,795.98315,2025-03-09T13:24:58.628352
t_batch_2,096.cnf,./problems/t_batch_2/096.cnf,True,1,0.042,1,279,279.0,630.5859000000002,15013.95,630.5859000000002,2025-03-09T13:24:58.632683
t_batch_2,097.cnf,./problems/t_batch_2/097.cnf,True,1,0.198,1,1944,1944.0,2989.2456,15097.2,2989.2456,2025-03-09T13:24:58.637824
t_batch_2,098.cnf,./problems/t_batch_2/098.cnf,True,1,0.356,1,3633,3633.0,5404.667399999999,15181.65,5404.667399999999,2025-03-09T13:24:58.642067
t_batch_2,099.cnf,./problems/t_batch_2/099.cnf,True,1,0.054,1,396,396.0,811.0691999999999,15019.8,811.0691999999999,2025-03-09T13:24:58.646115
t_batch_3,000.cnf,./problems/t_batch_3/000.cnf,True,1,0.032,1,116,116.0,480.1855999999999,15005.8,480.1855999999999,2025-03-09T13:24:58.652037
t_batch_3,001.cnf,./problems/t_batch_3/001.cnf,True,1,0.163,1,776,776.0,2451.3244,15038.8,2451.3244,2025-03-09T13:24:58.658067
t_batch_3,002.cnf,./problems/t_batch_3/002.cnf,True,1,0.033,1,121,121.0,495.19965,15006.05,495.19965,2025-03-09T13:24:58.663388
t_batch_3,003.cnf,./problems/t_batch_3/003.cnf,True,1,0.052,1,227,227.0,780.5902,15011.35,780.5902,2025-03-09T13:24:58.670454
t_batch_3,004.cnf,./problems/t_batch_3/004.cnf,True,1,0.079,1,404,404.0,1186.5958,15020.2,1186.5958,2025-03-09T13:24:58.675669
t_batch_3,005.cnf,./problems/t_batch_3/005.cnf,True,1,0.035,1,140,140.0,525.2450000000001,15007.0,525.2450000000001,2025-03-09T13:24:58.680591
t_batch_3,006.cnf,./problems/t_batch_3/006.cnf,True,1,0.306,1,1737,1737.0,4616.5761,15086.85,4616.5761,2025-03-09T13:24:58.686667
t_batch_3,007.cnf,./problems/t_batch_3/007.cnf,True,1,0.229,1,1211,1211.0,3448.86595,15060.55,3448.86595,2025-03-09T13:24:58.691933
t_batch_3,008.cnf,./problems/t_batch_3/008.cnf,True,1,0.013,1,18,18.0,195.0117,15000.9,195.0117,2025-03-09T13:24:58.696747
t_batch_3,009.cnf,./problems/t_batch_3/009.cnf,True,1,0.031,1,110,110.0,465.17050000000006,15005.5,465.17050000000006,2025-03-09T13:24:58.702856
t_batch_3,010.cnf,./problems/t_batch_3/010.cnf,True,1,0.087,1,420,420.0,1306.827,15021.0,1306.827,2025-03-09T13:24:58.707952
t_batch_3,011.cnf,./problems/t_batch_3/011.cnf,True,1,0.164,1,860,860.0,2467.052,15043.0,2467.052,2025-03-09T13:24:58.713047
t_batch_3,012.cnf,./problems/t_batch_3/012.cnf,True,1,0.239,1,1297,1297.0,3600.4991499999996,15064.85,3600.4991499999996,2025-03-09T13:24:58.718478
t_batch_3,013.cnf,./problems/t_batch_3/013.cnf,True,1,0.081,1,404,404.0,1216.6362000000001,15020.2,1216.6362000000001,2025-03-09T13:24:58.723499
t_batch_3,014.cnf,./problems/t_batch_3/014.cnf,True,1,0.046,1,202,202.0,690.4646,15010.1,690.4646,2025-03-09T13:24:58.728303
t_batch_3,015.cnf,./problems/t_batch_3/015.cnf,True,1,0.033,1,130,130.0,495.21450000000004,15006.5,495.21450000000004,2025-03-09T13:24:58.733416
t_batch_3,016.cnf,./problems/t_batch_3/016.cnf,True,1,0.117,1,551,551.0,1758.2233500000002,15027.55,1758.2233500000002,2025-03-09T13:24:58.738940
t_batch_3,017.cnf,./problems/t_batch_3/017.cnf,True,1,0.038,1,150,150.0,570.2850000000001,15007.5,570.2850000000001,2025-03-09T13:24:58.743817
t_batch_3,018.cnf,./problems/t_batch_3/018.cnf,True,1,0.123,1,547,547.0,1848.3640500000004,15027.35,1848.3640500000004,2025-03-09T13:24:58.749037
t_batch_3,019.cnf,./problems/t_batch_3/019.cnf,True,1,0.021,1,59,59.0,315.06195,15002.95,315.06195,2025-03-09T13:24:58.754204
t_batch_3,020.cnf,./problems/t_batch_3/020.cnf,True,1,0.021,1,57,57.0,315.05985000000004,15002.85,315.05985000000004,2025-03-09T13:24:58.758966
t_batch_3,021.cnf,./problems/t_batch_3/021.cnf,True,1,0.138,1,698,698.0,2074.8162,15034.9,2074.8162,2025-03-09T13:24:58.763738
t_batch_3,022.cnf,./problems/t_batch_3/022.cnf,True,1,0.015,1,29,29.0,225.02175,15001.45,225.02175,2025-03-09T13:24:58.768817
t_batch_3,023.cnf,./problems/t_batch_3/023.cnf,True,1,0.051,1,216,216.0,765.5508,15010.8,765.5508,2025-03-09T13:24:58.774101
t_batch_3,024.cnf,./problems/t_batch_3/024.cnf,True,1,0.013,1,17,17.0,195.01104999999998,15000.85,195.01104999999998,2025-03-09T13:24:58.779086
t_batch_3,025.cnf,./problems/t_batch_3/025.cnf,True,1,0.108,1,579,579.0,1623.1266,15028.95,1623.1266,2025-03-09T13:24:58.784390
t_batch_3,026.cnf,./problems/t_batch_3/026.cnf,True,1,0.085,1,395,395.0,1276.67875,15019.75,1276.67875,2025-03-09T13:24:58.789819
t_batch_3,027.cnf,./problems/t_batch_3/027.cnf,True,1,0.028,1,95,95.0,420.133,15004.75,420.133,2025-03-09T13:24:58.794698
t_batch_3,028.cnf,./problems/t_batch_3/028.cnf,True,1,0.045,1,187,187.0,675.4207499999999,15009.35,675.4207499999999,2025-03-09T13:24:58.800020
t_batch_3,029.cnf,./problems/t_batch_3/029.cnf,True,1,0.04,1,154,154.0,600.3080000000001,15007.7,600.3080000000001,2025-03-09T13:24:58.805343
t_batch_3,030.cnf,./problems/t_batch_3/030.cnf,True,1,0.207,1,1082,1082.0,3116.1987,15054.1,3116.1987,2025-03-09T13:24:58.810464
t_batch_3,031.cnf,./problems/t_batch_3/031.cnf,True,1,0.289,1,1274,1274.0,4353.4093,15063.7,4353.4093,2025-03-09T13:24:58.815957
t_batch_3,032.cnf,./problems/t_batch_3/032.cnf,True,1,0.015,1,32,32.0,225.02399999999997,15001.6,225.02399999999997,2025-03-09T13:24:58.821322
t_batch_3,033.cnf,./problems/t_batch_3/033.cnf,True,1,0.499,1,2817,2817.0,7555.28415,15140.85,7555.28415,2025-03-09T13:24:58.826915
t_batch_3,034.cnf,./problems/t_batch_3/034.cnf,True,1,0.086,1,369,369.0,1291.5866999999998,15018.45,1291.5866999999998,2025-03-09T13:24:58.832125
t_batch_3,035.cnf,./problems/t_batch_3/035.cnf,True,1,0.151,1,783,783.0,2270.9116499999996,15039.15,2270.9116499999996,2025-03-09T13:24:58.837500
t_batch_3,036.cnf,./problems/t_batch_3/036.cnf,True,1,0.228,1,1230,1230.0,3434.022,15061.5,3434.022,2025-03-09T13:24:58.842710
t_batch_3,037.cnf,./problems/t_batch_3/037.cnf,True,1,0.179,1,921,921.0,2693.24295,15046.05,2693.24295,2025-03-09T13:24:58.847590
t_batch_3,038.cnf,./problems/t_batch_3/038.cnf,True,1,0.04,1,167,167.0,600.3340000000001,15008.35,600.3340000000001,2025-03-09T13:24:58.852791
t_batch_3,039.cnf,./problems/t_batch_3/039.cnf,True,1,0.115,1,579,579.0,1728.32925,15028.95,1728.32925,2025-03-09T13:24:58.857616
t_batch_3,040.cnf,./problems/t_batch_3/040.cnf,True,1,0.161,1,833,833.0,2421.7056500000003,15041.65,2421.7056500000003,2025-03-09T13:24:58.862921
t_batch_3,041.cnf,./problems/t_batch_3/041.cnf,True,1,0.024,1,64,64.0,360.07680000000005,15003.2,360.07680000000005,2025-03-09T13:24:58.869433
t_batch_3,042.cnf,./problems/t_batch_3/042.cnf,True,1,0.298,1,1559,1559.0,4493.2291,15077.95,4493.2291,2025-03-09T13:24:58.875137
t_batch_3,043.cnf,./problems/t_batch_3/043.cnf,True,1,0.035,1,131,131.0,525.22925,15006.55,525.22925,2025-03-09T13:24:58.880924
t_batch_3,044.cnf,./problems/t_batch_3/044.cnf,True,1,0.15,1,710,710.0,2255.325,15035.5,2255.325,2025-03-09T13:24:58.887718
t_batch_3,045.cnf,./problems/t_batch_3/045.cnf,True,1,0.03,1,94,94.0,450.14099999999996,15004.7,450.14099999999996,2025-03-09T13:24:58.893045
t_batch_3,046.cnf,./problems/t_batch_3/046.cnf,True,1,0.665,1,1081,1081.0,10010.94325,15054.05,10010.94325,2025-03-09T13:24:58.900247
t_batch_3,047.cnf,./problems/t_batch_3/047.cnf,True,1,2.064,1,3772,3772.0,31349.270399999998,15188.6,31349.270399999998,2025-03-09T13:24:58.940398
t_batch_3,048.cnf,./problems/t_batch_3/048.cnf,True,1,0.162,1,664,664.0,2435.3784,15033.2,2435.3784,2025-03-09T13:24:58.947217
t_batch_3,049.cnf,./problems/t_batch_3/049.cnf,True,1,0.383,1,2005,2005.0,5783.39575,15100.25,5783.39575,2025-03-09T13:24:58.953027
t_batch_4,01.cnf,./problems/t_batch_4/01.cnf,True,1,0.073,1,510,510.0,1096.8615,15025.5,1096.8615,2025-03-09T13:24:58.957249
t_batch_4,02.cnf,./problems/t_batch_4/02.cnf,True,1,0.135,1,1021,1021.0,2031.8917499999998,15051.05,2031.8917499999998,2025-03-09T13:24:58.961924
t_batch_4,03.cnf,./problems/t_batch_4/03.cnf,True,1,0.045,1,278,278.0,675.6254999999999,15013.9,675.6254999999999,2025-03-09T13:24:58.966417
t_batch_4,04.cnf,./problems/t_batch_4/04.cnf,True,1,0.01,1,36,36.0,150.018,15001.8,150.018,2025-03-09T13:24:58.971117
t_batch_4,05.cnf,./problems/t_batch_4/05.cnf,True,1,0.012,1,48,48.0,180.0288,15002.4,180.0288,2025-03-09T13:24:58.975105
t_batch_4,06.cnf,./problems/t_batch_4/06.cnf,True,1,0.097,1,696,696.0,1458.3755999999998,15034.8,1458.3755999999998,2025-03-09T13:24:58.979092
t_batch_4,07.cnf,./problems/t_batch_4/07.cnf,True,1,0.016,1,78,78.0,240.06239999999997,15003.9,240.06239999999997,2025-03-09T13:24:58.983522
t_batch_4,08.cnf,./problems/t_batch_4/08.cnf,True,1,0.022,1,119,119.0,330.1309,15005.95,330.1309,2025-03-09T13:24:58.987889
t_batch_4,09.cnf,./problems/t_batch_4/09.cnf,True,1,0.082,1,618,618.0,1232.5338,15030.9,1232.5338,2025-03-09T13:24:58.991876
t_batch_4,10.cnf,./problems/t_batch_4/10.cnf,True,1,0.041,1,245,245.0,615.50225,15012.25,615.50225,2025-03-09T13:24:58.995658
t_batch_4,11.cnf,./problems/t_batch_4/11.cnf,True,1,0.028,1,167,167.0,420.2338,15008.35,420.2338,2025-03-09T13:24:59.000175
t_batch_4,12.cnf,./problems/t_batch_4/12.cnf,True,1,0.063,1,443,443.0,946.39545,15022.15,946.39545,2025-03-09T13:24:59.004370
t_batch_4,13.cnf,./problems/t_batch_4/13.cnf,True,1,0.036,1,226,226.0,540.4067999999999,15011.3,540.4067999999999,2025-03-09T13:24:59.008428
t_batch_4,14.cnf,./problems/t_batch_4/14.cnf,True,1,0.046,1,297,297.0,690.6831,15014.85,690.6831,2025-03-09T13:24:59.012382
t_batch_4,15.cnf,./problems/t_batch_4/15.cnf,True,1,0.053,1,319,319.0,795.84535,15015.95,795.84535,2025-03-09T13:24:59.016449
t_batch_4,16.cnf,./problems/t_batch_4/16.cnf,True,1,0.025,1,143,143.0,375.17875,15007.15,375.17875,2025-03-09T13:24:59.020928
t_batch_4,17.cnf,./problems/t_batch_4/17.cnf,True,1,0.047,1,302,302.0,705.7097,15015.1,705.7097,2025-03-09T13:24:59.024797
t_batch_4,18.cnf,./problems/t_batch_4/18.cnf,True,1,0.109,1,895,895.0,1639.8777499999999,15044.75,1639.8777499999999,2025-03-09T13:24:59.028907
t_batch_4,19.cnf,./problems/t_batch_4/19.cnf,True,1,0.017,1,64,64.0,255.05440000000002,15003.2,255.05440000000002,2025-03-09T13:24:59.033390
t_batch_4,20.cnf,./problems/t_batch_4/20.cnf,True,1,0.064,1,427,427.0,961.3664,15021.35,961.3664,2025-03-09T13:24:59.037875
t_batch_4,21.cnf,./problems/t_batch_4/21.cnf,True,1,0.013,1,42,42.0,195.0273,15002.1,195.0273,2025-03-09T13:24:59.041814
t_batch_4,22.cnf,./problems/t_batch_4/22.cnf,True,1,0.023,1,105,105.0,345.12075,15005.25,345.12075,2025-03-09T13:24:59.045802
t_batch_4,23.cnf,./problems/t_batch_4/23.cnf,True,1,0.011,1,27,27.0,165.01485,15001.35,165.01485,2025-03-09T13:24:59.050162
t_batch_4,24.cnf,./problems/t_batch_4/24.cnf,True,1,0.018,1,77,77.0,270.06929999999994,15003.85,270.06929999999994,2025-03-09T13:24:59.054338
t_batch_4,25.cnf,./problems/t_batch_4/25.cnf,True,1,0.02,1,92,92.0,300.09200000000004,15004.6,300.09200000000004,2025-03-09T13:24:59.058664
t_batch_4,26.cnf,./problems/t_batch_4/26.cnf,True,1,0.018,1,84,84.0,270.07559999999995,15004.2,270.07559999999995,2025-03-09T13:24:59.062758
t_batch_4,27.cnf,./problems/t_batch_4/27.cnf,True,1,0.015,1,54,54.0,225.0405,15002.7,225.0405,2025-03-09T13:24:59.067196
t_batch_4,28.cnf,./problems/t_batch_4/28.cnf,True,1,0.088,1,608,608.0,1322.6752,15030.4,1322.6752,2025-03-09T13:24:59.072240
t_batch_4,29.cnf,./problems/t_batch_4/29.cnf,True,1,0.023,1,134,134.0,345.1541,15006.7,345.1541,2025-03-09T13:24:59.076167
t_batch_4,30.cnf,./problems/t_batch_4/30.cnf,True,1,0.02,1,107,107.0,300.107,15005.35,300.107,2025-03-09T13:24:59.080802
t_batch_4,31.cnf,./problems/t_batch_4/31.cnf,True,1,0.047,1,356,356.0,705.8366,15017.8,705.8366,2025-03-09T13:24:59.085440
t_batch_4,32.cnf,./problems/t_batch_4/32.cnf,True,1,0.07,1,472,472.0,1051.652,15023.6,1051.652,2025-03-09T13:24:59.089780
t_batch_4,33.cnf,./problems/t_batch_4/33.cnf,True,1,0.044,1,270,270.0,660.594,15013.5,660.594,2025-03-09T13:24:59.093864
t_batch_4,34.cnf,./problems/t_batch_4/34.cnf,True,1,0.023,1,113,113.0,345.12995,15005.65,345.12995,2025-03-09T13:24:59.097917
t_batch_4,35.cnf,./problems/t_batch_4/35.cnf,True,1,0.039,1,245,245.0,585.47775,15012.25,585.47775,2025-03-09T13:24:59.102450
t_batch_4,36.cnf,./problems/t_batch_4/36.cnf,True,1,0.015,1,54,54.0,225.0405,15002.7,225.0405,2025-03-09T13:24:59.106599
t_batch_4,37.cnf,./problems/t_batch_4/37.cnf,True,1,1.091,1,6077,6077.0,16696.500350000002,15303.85,16696.500350000002,2025-03-09T13:24:59.112875
t_batch_4,38.cnf,./problems/t_batch_4/38.cnf,True,1,0.108,1,526,526.0,1622.8403999999998,15026.3,1622.8403999999998,2025-03-09T13:24:59.118637
t_batch_4,39.cnf,./problems/t_batch_4/39.cnf,True,1,0.067,1,299,299.0,1006.0016500000002,15014.95,1006.0016500000002,2025-03-09T13:24:59.124120
t_batch_4,40.cnf,./problems/t_batch_4/40.cnf,True,1,1.495,1,7607,7607.0,22993.623250000004,15380.35,22993.623250000004,2025-03-09T13:24:59.131134
t_batch_4,41.cnf,./problems/t_batch_4/41.cnf,True,1,39.159,1,218823,218823.0,1015829.49285,25941.15,1015829.49285,2025-03-09T13:24:59.176534
t_batch_4,42.cnf,./problems/t_batch_4/42.cnf,False,0,654.746,1,1000000,,42558490.0,65000.0,,2025-03-09T13:24:59.850597
t_batch_4,43.cnf,./problems/t_batch_4/43.cnf,False,0,651.507,1,1000000,,42347954.99999999,65000.0,,2025-03-09T13:25:00.521839
t_batch_4,44.cnf,./problems/t_batch_4/44.cnf,False,0,653.925,1,1000000,,42505125.0,65000.0,,2025-03-09T13:25:01.195503
t_batch_4,45.cnf,./problems/t_batch_4/45.cnf,False,0,655.124,1,1000000,,42583060.00000001,65000.0,,2025-03-09T13:25:01.870671
t_batch_4,46.cnf,./problems/t_batch_4/46.cnf,True,1,338.589,1,513937,513937.0,13779505.74465,40696.850000000006,13779505.74465,2025-03-09T13:25:02.228732
t_batch_4,47.cnf,./problems/t_batch_4/47.cnf,False,0,654.149,1,1000000,,42519685.0,65000.0,,2025-03-09T13:25:02.902440
t_batch_4,48.cnf,./problems/t_batch_4/48.cnf,False,0,653.759,1,1000000,,42494335.0,65000.0,,2025-03-09T13:25:03.576052
t_batch_4,49.cnf,./problems/t_batch_4/49.cnf,False,0,1241.69,1,1000000,,80709849.99999999,65000.0,,2025-03-09T13:25:04.850773
t_batch_4,50.cnf,./problems/t_batch_4/50.cnf,False,0,1239.84,1,1000000,,80589599.99999999,65000.0,,2025-03-09T13:25:06.125521
t_batch_4,51.cnf,./problems/t_batch_4/51.cnf,True,1,1025.91,1,826891,826891.0,57804437.29050001,56344.55,57804437.29050001,2025-03-09T13:25:07.183530
t_batch_4,52.cnf,./problems/t_batch_4/52.cnf,False,0,1238.86,1,1000000,,80525900.0,65000.0,,2025-03-09T13:25:08.454105
t_batch_4,53.cnf,./problems/t_batch_4/53.cnf,False,0,1251.97,1,1000000,,81378050.0,65000.0,,2025-03-09T13:25:09.743044
t_batch_4,70.cnf,./problems/t_batch_4/70.cnf,True,1,0.009,1,31,31.0,135.01394999999997,15001.55,135.01394999999997,2025-03-09T13:25:09.783727
t_batch_4,71.cnf,./problems/t_batch_4/71.cnf,True,1,0.004,1,6,6.0,60.0012,15000.3,60.0012,2025-03-09T13:25:09.817356
t_batch_4,72.cnf,./problems/t_batch_4/72.cnf,True,1,0.005,1,10,10.0,75.0025,15000.5,75.0025,2025-03-09T13:25:09.828135
t_batch_4,73.cnf,./problems/t_batch_4/73.cnf,True,1,0.037,1,21,21.0,555.03885,15001.05,555.03885,2025-03-09T13:25:09.833962
t_batch_4,74.cnf,./problems/t_batch_4/74.cnf,True,1,0.003,1,3,3.0,45.00045,15000.15,45.00045,2025-03-09T13:25:09.837759
t_batch_4,75.cnf,./problems/t_batch_4/75.cnf,True,1,0.005,1,13,13.0,75.00325000000001,15000.65,75.00325000000001,2025-03-09T13:25:09.841510
t_batch_4,76.cnf,./problems/t_batch_4/76.cnf,True,1,0.004,1,5,5.0,60.001,15000.25,60.001,2025-03-09T13:25:09.845314
t_batch_4,77.cnf,./problems/t_batch_4/77.cnf,True,1,0.009,1,36,36.0,135.01619999999997,15001.8,135.01619999999997,2025-03-09T13:25:09.849681
t_batch_4,78.cnf,./problems/t_batch_4/78.cnf,True,1,0.004,1,5,5.0,60.001,15000.25,60.001,2025-03-09T13:25:09.853320
t_batch_4,79.cnf,./problems/t_batch_4/79.cnf,True,1,0.004,1,2,2.0,60.00039999999999,15000.1,60.00039999999999,2025-03-09T13:25:09.856603
t_batch_4,80.cnf,./problems/t_batch_4/80.cnf,True,1,0.006,1,12,12.0,90.0036,15000.6,90.0036,2025-03-09T13:25:09.859945
t_batch_4,81.cnf,./problems/t_batch_4/81.cnf,True,1,0.004,1,3,3.0,60.00059999999999,15000.15,60.00059999999999,2025-03-09T13:25:09.863287
t_batch_4,82.cnf,./problems/t_batch_4/82.cnf,True,1,0.007,1,17,17.0,105.00595,15000.85,105.00595,2025-03-09T13:25:09.866740
t_batch_4,83.cnf,./problems/t_batch_4/83.cnf,True,1,0.006,1,10,10.0,90.003,15000.5,90.003,2025-03-09T13:25:09.870677
t_batch_4,84.cnf,./problems/t_batch_4/84.cnf,True,1,0.012,1,46,46.0,180.02759999999998,15002.3,180.02759999999998,2025-03-09T13:25:09.874059
t_batch_4,85.cnf,./problems/t_batch_4/85.cnf,True,1,0.006,1,10,10.0,90.003,15000.5,90.003,2025-03-09T13:25:09.877923
t_batch_4,86.cnf,./problems/t_batch_4/86.cnf,True,1,0.006,1,6,6.0,90.00179999999999,15000.3,90.00179999999999,2025-03-09T13:25:09.881767
t_batch_4,87.cnf,./problems/t_batch_4/87.cnf,True,1,0.01,1,27,27.0,150.01350000000002,15001.35,150.01350000000002,2025-03-09T13:25:09.886101
t_batch_4,88.cnf,./problems/t_batch_4/88.cnf,True,1,0.006,1,11,11.0,90.0033,15000.55,90.0033,2025-03-09T13:25:09.889394
t_batch_4,89.cnf,./problems/t_batch_4/89.cnf,True,1,0.008,1,10,10.0,120.004,15000.5,120.004,2025-03-09T13:25:09.893276
t_batch_4,90.cnf,./problems/t_batch_4/90.cnf,True,1,0.009,1,18,18.0,135.00809999999996,15000.9,135.00809999999996,2025-03-09T13:25:09.897043
t_batch_4,91.cnf,./problems/t_batch_4/91.cnf,True,1,0.01,1,22,22.0,150.011,15001.1,150.011,2025-03-09T13:25:09.901283
t_batch_4,92.cnf,./problems/t_batch_4/92.cnf,True,1,0.012,1,35,35.0,180.02100000000002,15001.75,180.02100000000002,2025-03-09T13:25:09.905304
t_batch_4,93.cnf,./problems/t_batch_4/93.cnf,True,1,0.02,1,84,84.0,300.084,15004.2,300.084,2025-03-09T13:25:09.909308
t_batch_4,94.cnf,./problems/t_batch_4/94.cnf,True,1,0.009,1,14,14.0,135.00629999999998,15000.7,135.00629999999998,2025-03-09T13:25:09.913364
t_batch_4,00.dimacs,./problems/t_batch_4/00.dimacs,True,1,0.006,1,12,12.0,90.0036,15000.6,90.0036,2025-03-09T13:25:09.917231
t_batch_4,54.dimacs,./problems/t_batch_4/54.dimacs,True,1,0.002,1,0,0.0,30.0,15000.0,30.0,2025-03-09T13:25:09.920622
t_batch_4,55.dimacs,./problems/t_batch_4/55.dimacs,True,1,0.003,1,2,2.0,45.0003,15000.1,45.0003,2025-03-09T13:25:09.923654
t_batch_4,56.dimacs,./problems/t_batch_4/56.dimacs,True,1,0.027,1,118,118.0,405.1593,15005.9,405.1593,2025-03-09T13:25:09.927383
t_batch_4,57.dimacs,./problems/t_batch_4/57.dimacs,True,1,0.477,1,2330,2330.0,7210.5705,15116.5,7210.5705,2025-03-09T13:25:09.933806
t_batch_4,58.dimacs,./problems/t_batch_4/58.dimacs,True,1,0.276,1,1181,1181.0,4156.297800000001,15059.05,4156.297800000001,2025-03-09T13:25:09.939869
t_batch_4,59.dimacs,./problems/t_batch_4/59.dimacs,True,1,0.017,1,0,0.0,255.0,15000.0,255.0,2025-03-09T13:25:09.945721
t_batch_4,60.dimacs,./problems/t_batch_4/60.dimacs,True,1,0.017,1,0,0.0,255.0,15000.0,255.0,2025-03-09T13:25:09.951963
t_batch_4,61.dimacs,./problems/t_batch_4/61.dimacs,True,1,0.025,1,10,10.0,375.01250000000005,15000.5,375.01250000000005,2025-03-09T13:25:09.958241
t_batch_4,62.dimacs,./problems/t_batch_4/62.dimacs,True,1,0.024,1,10,10.0,360.012,15000.5,360.012,2025-03-09T13:25:09.964623
t_batch_4,63.dimacs,./problems/t_batch_4/63.dimacs,True,1,0.019,1,2,2.0,285.00190000000003,15000.1,285.00190000000003,2025-03-09T13:25:09.972176
t_batch_4,64.dimacs,./problems/t_batch_4/64.dimacs,True,1,0.133,1,130,130.0,1995.8645000000001,15006.5,1995.8645000000001,2025-03-09T13:25:09.983596
t_batch_4,65.dimacs,./problems/t_batch_4/65.dimacs,True,1,0.068,1,41,41.0,1020.1393999999999,15002.05,1020.1393999999999,2025-03-09T13:25:09.994712
t_batch_4,66.dimacs,./problems/t_batch_4/66.dimacs,True,1,0.041,1,2,2.0,615.0041000000001,15000.1,615.0041000000001,2025-03-09T13:25:10.005247
t_batch_4,67.dimacs,./problems/t_batch_4/67.dimacs,True,1,0.047,1,4,4.0,705.0094,15000.2,705.0094,2025-03-09T13:25:10.015153
t_batch_4,68.dimacs,./problems/t_batch_4/68.dimacs,True,1,0.046,1,6,6.0,690.0138000000001,15000.3,690.0138000000001,2025-03-09T13:25:10.024944
t_batch_4,69.dimacs,./problems/t_batch_4/69.dimacs,True,1,0.041,1,2,2.0,615.0041000000001,15000.1,615.0041000000001,2025-03-09T13:25:10.039238
t_batch_4,95.dimacs,./problems/t_batch_4/95.dimacs,True,1,0.035,1,162,162.0,525.2835,15008.1,525.2835,2025-03-09T13:25:10.043452
t_batch_4,96.dimacs,./problems/t_batch_4/96.dimacs,True,1,0.069,1,242,242.0,1035.8349000000003,15012.1,1035.8349000000003,2025-03-09T13:25:10.049313
t_batch_4,97.dimacs,./problems/t_batch_4/97.dimacs,True,1,0.268,1,1239,1239.0,4036.6026,15061.95,4036.6026,2025-03-09T13:25:10.055392
t_batch_4,98.dimacs,./problems/t_batch_4/98.dimacs,True,1,0.217,1,971,971.0,3265.5353499999997,15048.55,3265.5353499999997,2025-03-09T13:25:10.061158
t_batch_4,99.dimacs,./problems/t_batch_4/99.dimacs,True,1,0.01,1,22,22.0,150.011,15001.1,150.011,2025-03-09T13:25:10.065177
